[{"model": "menu.menusection", "pk": 1, "fields": {"name": "Starters", "note": null, "type": "default"}}, {"model": "menu.menusection", "pk": 2, "fields": {"name": "Fired Grilled Burgers", "note": "Served with one side choice Topped with lettuce, tomato, onion, pickles, mayo and mustard", "type": "default"}}, {"model": "menu.menusection", "pk": 3, "fields": {"name": "Salads", "note": "A blend of romaine and iceberg lettuce, topped with croutons, bacon bits, tomatoes, cucumbers, green onions and blended cheeses.", "type": "default"}}, {"model": "menu.menusection", "pk": 4, "fields": {"name": "Po Boys", "note": "Served with one side choice Dressed with pickles, lettuce and tomato", "type": "default"}}, {"model": "menu.menusection", "pk": 5, "fields": {"name": "Bar B Q Sandwiches", "note": "Served with one side choice. Garnished with coleslaw per request", "type": "default"}}, {"model": "menu.menusection", "pk": 6, "fields": {"name": "Platters", "note": "Served with 2 side choices and toast", "type": "default"}}, {"model": "menu.menusection", "pk": 7, "fields": {"name": "Signature Dooey Sandwiches", "note": "Served with one side choice.", "type": "default"}}, {"model": "menu.menusection", "pk": 8, "fields": {"name": "Combo Platters", "note": "Served with 2 side choices and toast", "type": "default"}}, {"model": "menu.menusection", "pk": 9, "fields": {"name": "From the Gulf or Pond", "note": "Served with 2 side choices and Hush Puppies", "type": "default"}}, {"model": "menu.menusection", "pk": 10, "fields": {"name": "Baskets", "note": "Served with one side choice and toast", "type": "default"}}, {"model": "menu.menusection", "pk": 11, "fields": {"name": "Wraps", "note": "Served with one side choice Dressed with mayo, lettuce and tomato", "type": "default"}}, {"model": "menu.menusection", "pk": 12, "fields": {"name": "Kids Menu", "note": null, "type": "default"}}, {"model": "menu.menusection", "pk": 13, "fields": {"name": "Louisiana Redfish", "note": null, "type": "default"}}, {"model": "menu.menusection", "pk": 14, "fields": {"name": "Mississippi farm-raised catfish", "note": null, "type": "default"}}, {"model": "menu.menusection", "pk": 15, "fields": {"name": "Dressing Choices", "note": null, "type": "default"}}, {"model": "menu.menusection", "pk": 16, "fields": {"name": "Extra Add Ons", "note": "Can be added to all sandwiches.", "type": "default"}}, {"model": "menu.menusection", "pk": 17, "fields": {"name": "Drinks", "note": null, "type": "default"}}, {"model": "menu.menusection", "pk": 18, "fields": {"name": "Sides", "note": null, "type": "default"}}, {"model": "menu.menusection", "pk": 19, "fields": {"name": "Signature Fries", "note": null, "type": "default"}}, {"model": "menu.menusection", "pk": 20, "fields": {"name": "Notes", "note": null, "type": "default"}}, {"model": "menu.menuitem", "pk": 1, "fields": {"name": "CAROLINE'S FRIED PICKLES", "price": "8.99", "description": "", "section": 1}}, {"model": "menu.menuitem", "pk": 2, "fields": {"name": "FRIED GREEN TOMATOES (10)", "price": "9.99", "description": "", "section": 1}}, {"model": "menu.menuitem", "pk": 3, "fields": {"name": "COLE'S FRIED CHEESE LOGS (5)", "price": "9.99", "description": "", "section": 1}}, {"model": "menu.menuitem", "pk": 4, "fields": {"name": "CARTER'S CRASWFISH TAILS", "price": "9.99", "description": "", "section": 1}}, {"model": "menu.menuitem", "pk": 5, "fields": {"name": "1/2 DOZEN TAMALES", "price": "8.99", "description": "", "section": 1}}, {"model": "menu.menuitem", "pk": 6, "fields": {"name": "DOZEN TAMALES", "price": "17.99", "description": "", "section": 1}}, {"model": "menu.menuitem", "pk": 7, "fields": {"name": "CHIPS AND ROTEL", "price": "7.99", "description": "", "section": 1}}, {"model": "menu.menuitem", "pk": 8, "fields": {"name": "MAC AND CHEESE BOWL", "price": "9.99", "description": "With protein of choice", "section": 1}}, {"model": "menu.menuitem", "pk": 9, "fields": {"name": "DOOEY NACHOS", "price": "9.99", "description": "Fritos topped with baked beans, pulled pork or chicken, shredded cheese, onions, jalapenos and sauce", "section": 1}}, {"model": "menu.menuitem", "pk": 10, "fields": {"name": "LITTLE DOOEY SUNDAE", "price": "7.99", "description": "Pulled pork layered with baked beans, Cole slaw, and BBQ sauce", "section": 1}}, {"model": "menu.menuitem", "pk": 11, "fields": {"name": "DOOEY CLUB", "price": "10.49", "description": "Turkey, ham, bacon, cheese, tomato, lettuce, pickle, mayo and mustard, served on house bread", "section": 10}}, {"model": "menu.menuitem", "pk": 12, "fields": {"name": "SMOKED TURKEY CLUB", "price": "10.49", "description": "Turkey, bacon, cheese, tomato, lettuce, pickle, mayo and mustard, served on wheat berry bread", "section": 10}}, {"model": "menu.menuitem", "pk": 13, "fields": {"name": "SMOKED HAM CLUB", "price": "10.49", "description": "Ham, bacon, cheese, tomato, lettuce, pickle, mayo and mustard, served on wheat berry bread", "section": 10}}, {"model": "menu.menuitem", "pk": 25, "fields": {"name": "PULLED PORK SMALL", "price": "9.99", "description": "", "section": 5}}, {"model": "menu.menuitem", "pk": 26, "fields": {"name": "PULLED PORK LARGE", "price": "10.49", "description": "", "section": 5}}, {"model": "menu.menuitem", "pk": 27, "fields": {"name": "PULLED CHICKEN", "price": "10.49", "description": "", "section": 5}}, {"model": "menu.menuitem", "pk": 28, "fields": {"name": "BEEF BRISKET", "price": "15.99", "description": "", "section": 5}}, {"model": "menu.menuitem", "pk": 29, "fields": {"name": "BOSS HOG", "price": "11.49", "description": "Pulled pork topped with smoked bacon", "section": 5}}, {"model": "menu.menuitem", "pk": 30, "fields": {"name": "TEXAS TOAST BBQ", "price": "11.49", "description": "Your choice of our signature meats on our signature Texas toast", "section": 5}}, {"model": "menu.menuitem", "pk": 31, "fields": {"name": "DOOEY CUBAN", "price": "11.29", "description": "Pulled pork and ham, pickles, mustard, and Swiss cheese", "section": 5}}, {"model": "menu.menuitem", "pk": 32, "fields": {"name": "PULLED PORK GRILLED CHEESE", "price": "11.49", "description": "Grilled cheese stuffed with pulled pork, jalapeno, pimento cheese and cheddar, served on Texas Toast", "section": 5}}, {"model": "menu.menuitem", "pk": 33, "fields": {"name": "TRIPLE THREAT", "price": "11.49", "description": "Pulled pork topped with smoked Bologna, bacon, BBQ sauce and coleslaw", "section": 5}}, {"model": "menu.menuitem", "pk": 34, "fields": {"name": "CHEESY PIGGY", "price": "11.49", "description": "Pulled pork topped with queso and choice of sauce", "section": 5}}, {"model": "menu.menuitem", "pk": 35, "fields": {"name": "BIG PORK MAC N CHEESE", "price": "11.49", "description": "Pulled pork topped with queso and choice of sauce", "section": 5}}, {"model": "menu.menuitem", "pk": 36, "fields": {"name": "2 MEAT COMBO", "price": "18.99", "description": "Pulled pork, pulled chicken, bone in 1/4 chicken", "section": 8}}, {"model": "menu.menuitem", "pk": 37, "fields": {"name": "SURF & TURF", "price": "18.99", "description": "Choice of pulled pork or chicken and choice of shrimp, catfish or crawfish tails", "section": 8}}, {"model": "menu.menuitem", "pk": 38, "fields": {"name": "CATFISH FILET & SHRIMP", "price": "17.49", "description": "", "section": 8}}, {"model": "menu.menuitem", "pk": 39, "fields": {"name": "CATFISH FILET & CRAWFISH TAIL", "price": "17.09", "description": "", "section": 8}}, {"model": "menu.menuitem", "pk": 40, "fields": {"name": "SINGLE STACK", "price": "5.99", "description": "", "section": 2}}, {"model": "menu.menuitem", "pk": 41, "fields": {"name": "DOUBLE STACK", "price": "8.99", "description": "", "section": 2}}, {"model": "menu.menuitem", "pk": 42, "fields": {"name": "GULF AND SHRIMP PLATTER", "price": "17.29", "description": "Fried, Grilled, Blackened or Buffalo", "section": 9}}, {"model": "menu.menuitem", "pk": 43, "fields": {"name": "BOILED SHRIMP 1/2 LB", "price": "12.00", "description": "Served chilled", "section": 9}}, {"model": "menu.menuitem", "pk": 44, "fields": {"name": "BOILED SHRIMP 1 LB", "price": "17.29", "description": "Served chilled", "section": 9}}, {"model": "menu.menuitem", "pk": 45, "fields": {"name": "SHRIMP BASKET", "price": "8.99", "description": "", "section": 12}}, {"model": "menu.menuitem", "pk": 46, "fields": {"name": "GRILLED CHEESE", "price": "9.99", "description": "", "section": 12}}, {"model": "menu.menuitem", "pk": 47, "fields": {"name": "2PC CHICKEN TENDERS", "price": "9.99", "description": "", "section": 12}}, {"model": "menu.menuitem", "pk": 48, "fields": {"name": "2PC CATFISH BASKET", "price": "9.99", "description": "", "section": 12}}, {"model": "menu.menuitem", "pk": 49, "fields": {"name": "SMOKED BOLOGNA SANDWICH", "price": "8.99", "description": "", "section": 12}}, {"model": "menu.menuitem", "pk": 50, "fields": {"name": "1 FILLET", "price": "16.59", "description": "Served with one side choice and Hush Puppies", "section": 13}}, {"model": "menu.menuitem", "pk": 51, "fields": {"name": "2 FILLETS", "price": "27.99", "description": "Served with 2 side choice and Hush Puppies", "section": 13}}, {"model": "menu.menuitem", "pk": 52, "fields": {"name": "1 FILLET", "price": "9.99", "description": "Served with one side choice and Hush Puppies", "section": 14}}, {"model": "menu.menuitem", "pk": 53, "fields": {"name": "2 FILLETS", "price": "16.99", "description": "Served with 2 side choice and Hush Puppies", "section": 14}}, {"model": "menu.menuitem", "pk": 54, "fields": {"name": "3 FILLETS", "price": "23.25", "description": "Served with 2 side choice and Hush Puppies", "section": 14}}, {"model": "menu.menuitem", "pk": 55, "fields": {"name": "1 PIECE", "price": "11.49", "description": "Served with one side choice and Hush Puppies", "section": 14}}, {"model": "menu.menuitem", "pk": 56, "fields": {"name": "2 PIECE", "price": "19.99", "description": "Served with 2 side choice and Hush Puppies", "section": 14}}, {"model": "menu.menuitem", "pk": 57, "fields": {"name": "PULLED PORK PLATTER", "price": "13.99", "description": "", "section": 6}}, {"model": "menu.menuitem", "pk": 58, "fields": {"name": "PULLED CHICKEN PLATTER", "price": "14.29", "description": "", "section": 6}}, {"model": "menu.menuitem", "pk": 59, "fields": {"name": "1/2 CHICKEN PLATTER", "price": "12.49", "description": "", "section": 6}}, {"model": "menu.menuitem", "pk": 60, "fields": {"name": "1/4 CHICKEN PLATER", "price": "7.99", "description": "", "section": 6}}, {"model": "menu.menuitem", "pk": 61, "fields": {"name": "MISSISSIPPI BEEF BRISKET", "price": "25.99", "description": "", "section": 6}}, {"model": "menu.menuitem", "pk": 62, "fields": {"name": "1/2 LOIN BACK RIBS SLAB", "price": "19.99", "description": "", "section": 6}}, {"model": "menu.menuitem", "pk": 63, "fields": {"name": "LOIN BACK FULL RIBS SLAB", "price": "34.99", "description": "", "section": 6}}, {"model": "menu.menuitem", "pk": 64, "fields": {"name": "1/2 DOZEN TAMALE PLATTER", "price": "13.99", "description": "", "section": 6}}, {"model": "menu.menuitem", "pk": 65, "fields": {"name": "SHRIMP PLATTER", "price": "17.29", "description": "", "section": 6}}, {"model": "menu.menuitem", "pk": 66, "fields": {"name": "GULF SHRIMP", "price": "11.99", "description": "Fried, Grilled, Blackened, or Buffalo", "section": 4}}, {"model": "menu.menuitem", "pk": 67, "fields": {"name": "CATFISH", "price": "10.99", "description": "Fried, Grilled, Blackened, or Buffalo", "section": 4}}, {"model": "menu.menuitem", "pk": 68, "fields": {"name": "CHICKEN TENDERS", "price": "10.99", "description": "Fried, Grilled, Blackened, or Buffalo", "section": 4}}, {"model": "menu.menuitem", "pk": 69, "fields": {"name": "CRAWFISH", "price": "10.99", "description": "", "section": 4}}, {"model": "menu.menuitem", "pk": 70, "fields": {"name": "SIDE SALAD", "price": "5.99", "description": "", "section": 3}}, {"model": "menu.menuitem", "pk": 71, "fields": {"name": "HOUSE SALAD", "price": "8.99", "description": "", "section": 3}}, {"model": "menu.menuitem", "pk": 72, "fields": {"name": "BEEF BRISKET", "price": "16.69", "description": "", "section": 3}}, {"model": "menu.menuitem", "pk": 73, "fields": {"name": "PULLED PORK", "price": "11.99", "description": "", "section": 3}}, {"model": "menu.menuitem", "pk": 74, "fields": {"name": "CHICKEN TENDERS", "price": "11.99", "description": "Fried, Grilled, Blackened or Buffalo", "section": 3}}, {"model": "menu.menuitem", "pk": 75, "fields": {"name": "GULF SHRIMP", "price": "12.25", "description": "Fried, Grilled, Blackened or Buffalo", "section": 3}}, {"model": "menu.menuitem", "pk": 76, "fields": {"name": "CLUB", "price": "10.99", "description": "Ham and Turkey", "section": 3}}, {"model": "menu.menuitem", "pk": 77, "fields": {"name": "SMOKED PULLED CHICKEN", "price": "11.99", "description": "", "section": 3}}, {"model": "menu.menuitem", "pk": 80, "fields": {"name": "DOOEY CLUB", "price": "10.49", "description": "Turkey, ham, bacon, cheese, tomato, lettuce, pickle, mayo and mustard, served on house bread", "section": 7}}, {"model": "menu.menuitem", "pk": 81, "fields": {"name": "SMOKED TURKEY CLUB", "price": "10.49", "description": "Turkey, bacon, cheese, tomato, lettuce, pickle, mayo and mustard, served on wheat berry bread", "section": 7}}, {"model": "menu.menuitem", "pk": 82, "fields": {"name": "SMOKED HAM CLUB", "price": "10.49", "description": "Ham, bacon, cheese, tomato, lettuce, pickle, mayo and mustard, served on wheat berry bread", "section": 7}}, {"model": "menu.menuitem", "pk": 83, "fields": {"name": "CHICKEN TENDERS", "price": "10.99", "description": "Fried, Grilled, Blackened or Buffalo", "section": 11}}, {"model": "menu.menuitem", "pk": 84, "fields": {"name": "SHRIMP", "price": "10.99", "description": "Fried, Grilled, Blackened or Buffalo", "section": 11}}, {"model": "menu.menuitem", "pk": 85, "fields": {"name": "SMOKED CHICKEN", "price": "9.99", "description": "", "section": 11}}, {"model": "menu.menuitem", "pk": 86, "fields": {"name": "PULLED PORK", "price": "9.99", "description": "", "section": 11}}, {"model": "menu.menuitem", "pk": 87, "fields": {"name": "Thousand Island Dressing", "price": "0.00", "description": "", "section": 15}}, {"model": "menu.menuitem", "pk": 88, "fields": {"name": "Ranch Dressing", "price": "0.00", "description": "", "section": 15}}, {"model": "menu.menuitem", "pk": 89, "fields": {"name": "Italian Dressing", "price": "0.00", "description": "", "section": 15}}, {"model": "menu.menuitem", "pk": 90, "fields": {"name": "House Dressing", "price": "0.00", "description": "", "section": 15}}, {"model": "menu.menuitem", "pk": 91, "fields": {"name": "Honey Mustard Dressing", "price": "0.00", "description": "", "section": 15}}, {"model": "menu.menuitem", "pk": 92, "fields": {"name": "Blue Cheese Dressing", "price": "0.00", "description": "", "section": 15}}, {"model": "menu.menuitem", "pk": 93, "fields": {"name": "Boom Boom Sauce", "price": "0.00", "description": "", "section": 15}}, {"model": "menu.menuitem", "pk": 94, "fields": {"name": "Sun-dried Tomato Vinaigrette", "price": "0.00", "description": "", "section": 15}}, {"model": "menu.menuitem", "pk": 95, "fields": {"name": "Wine and Cheese Dressing", "price": "0.00", "description": "", "section": 15}}, {"model": "menu.menuitem", "pk": 96, "fields": {"name": "Bacon", "price": "2.09", "description": "", "section": 16}}, {"model": "menu.menuitem", "pk": 97, "fields": {"name": "Cheese", "price": "0.69", "description": "", "section": 16}}, {"model": "menu.menuitem", "pk": 98, "fields": {"name": "Sauteed Onions and Peppers", "price": "1.69", "description": "", "section": 16}}, {"model": "menu.menuitem", "pk": 99, "fields": {"name": "Root Beer", "price": "0.00", "description": "", "section": 17}}, {"model": "menu.menuitem", "pk": 100, "fields": {"name": "Sprite", "price": "0.00", "description": "", "section": 17}}, {"model": "menu.menuitem", "pk": 101, "fields": {"name": "Coke", "price": "0.00", "description": "", "section": 17}}, {"model": "menu.menuitem", "pk": 102, "fields": {"name": "Dr. Pepper", "price": "0.00", "description": "", "section": 17}}, {"model": "menu.menuitem", "pk": 103, "fields": {"name": "Water", "price": "0.00", "description": "", "section": 17}}, {"model": "menu.menuitem", "pk": 104, "fields": {"name": "Lemonade", "price": "0.00", "description": "", "section": 17}}, {"model": "menu.menuitem", "pk": 105, "fields": {"name": "Sweet Tea", "price": "0.00", "description": "", "section": 17}}, {"model": "menu.menuitem", "pk": 106, "fields": {"name": "Unsweet Tea", "price": "0.00", "description": "", "section": 17}}, {"model": "menu.menuitem", "pk": 107, "fields": {"name": "Baked Beans", "price": "0.00", "description": "", "section": 18}}, {"model": "menu.menuitem", "pk": 108, "fields": {"name": "Coleslaw", "price": "0.00", "description": "", "section": 18}}, {"model": "menu.menuitem", "pk": 109, "fields": {"name": "Potato Salad", "price": "0.00", "description": "", "section": 18}}, {"model": "menu.menuitem", "pk": 110, "fields": {"name": "Corn on the cob", "price": "0.00", "description": "", "section": 18}}, {"model": "menu.menuitem", "pk": 111, "fields": {"name": "Turnip greens", "price": "0.00", "description": "", "section": 18}}, {"model": "menu.menuitem", "pk": 112, "fields": {"name": "Waffle fries", "price": "0.00", "description": "", "section": 18}}, {"model": "menu.menuitem", "pk": 113, "fields": {"name": "Onion rings", "price": "0.00", "description": "", "section": 18}}, {"model": "menu.menuitem", "pk": 114, "fields": {"name": "Mac & Cheese", "price": "0.00", "description": "", "section": 18}}, {"model": "menu.menuitem", "pk": 115, "fields": {"name": "Seasoned Red Potatoes", "price": "0.00", "description": "", "section": 18}}, {"model": "menu.menuitem", "pk": 116, "fields": {"name": "Sweet Potato fries", "price": "0.00", "description": "", "section": 18}}, {"model": "menu.menuitem", "pk": 117, "fields": {"name": "Cheese grits", "price": "0.00", "description": "", "section": 18}}, {"model": "menu.menuitem", "pk": 118, "fields": {"name": "Fried okra", "price": "0.00", "description": "", "section": 18}}, {"model": "menu.menuitem", "pk": 119, "fields": {"name": "Hush Puppies", "price": "0.00", "description": "", "section": 18}}, {"model": "menu.menuitem", "pk": 120, "fields": {"name": "Sweet tater mash", "price": "0.00", "description": "", "section": 18}}, {"model": "menu.menuitem", "pk": 121, "fields": {"name": "Dooey on da stick", "price": "0.00", "description": "", "section": 18}}, {"model": "menu.menuitem", "pk": 122, "fields": {"name": "SIGNATURE DOOEY CHEESE FRIES", "price": "11.99", "description": "Waffle fries topped with bacon and queso cheese. Choice of pulled pork, pulled chicken, or chicken tenders", "section": 19}}, {"model": "menu.menuitem", "pk": 123, "fields": {"name": "Food allergies", "price": "0.00", "description": "our food may contain peanuts, dairy, eggs, or shellfish products. Please notify management if you have any food allergies.", "section": 20}}, {"model": "menu.menuitem", "pk": 124, "fields": {"name": "Smoked BBQ", "price": "0.00", "description": "Some of our barbecue meat may appear to be pink. This does not mean it is not “done”. It is the result of the smoking process", "section": 20}}, {"model": "menu.menuitem", "pk": 125, "fields": {"name": "Great food takes patience", "price": "0.00", "description": "During peak times, fried, blackened or grilled items may result in wait times up to 50 minutes.", "section": 20}}, {"model": "menu.note", "pk": 1, "fields": {"section": 9, "description": "Boiled shrimp served with corn and potatoes"}}, {"model": "menu.note", "pk": 2, "fields": {"section": 14, "description": "Bone in whole fish"}}, {"model": "menu.menuheader", "pk": 1, "fields": {"title": "Starters", "description": ""}}]